name,last_name,id,email,address,phone
Aiko,Quamar,1,tempor.diam.dictum@etpede.net,Sed Molestie PC,1
Donovan,Jermaine,2,Duis@Maecenasornareegestas.net,Aliquam Incorporated,3
Miranda,Isabelle,3,tortor.dictum.eu@nequeSed.com,Ornare Sagittis Felis Incorporated,5
Dexter,Xerxes,4,augue.id.ante@placerat.edu,Non Industries,7
Marshall,Candace,5,vehicula.et.rutrum@tellusidnunc.org,Dui Lectus Institute,9
Elmo,Lucy,6,lectus.ante.dictum@erat.ca,Mollis Duis Associates,11
Lacota,Hall,7,sociosqu.ad.litora@leoMorbineque.co.uk,Eget Massa Suspendisse Associates,13
Rachel,Slade,8,risus.Nulla@nec.org,Aliquet Sem Ut Corporation,15
Henry,Justina,9,Nulla.tincidunt.neque@Cum.org,Non LLP,17
Owen,Kaseem,10,commodo@adipiscingelit.com,Nec Mollis Incorporated,19
Christine,Raphael,11,Donec@urnanec.org,Lorem Institute,21
Emma,Castor,12,vitae@vitaedolorDonec.ca,Nullam Foundation,23
Iona,Chancellor,13,a@Fusce.edu,Placerat Augue Sed LLC,25
Josephine,Robert,14,libero@urnaet.co.uk,Fermentum Metus Aenean Corporation,27
Pandora,Whilemina,15,aliquam.arcu@fringillaornareplacerat.ca,Integer Eu Lacus Ltd,29
Vivien,Florence,16,Vivamus@eleifendnunc.net,Ut Sagittis Lobortis LLC,31
Brenna,Latifah,17,arcu.Vestibulum@fringilla.net,Neque PC,33
Timon,Hamish,18,neque@vitae.edu,Sapien LLP,35
Victoria,Rudyard,19,ultricies.dignissim@nonlobortisquis.edu,Hendrerit Donec Institute,37
Barry,Britanney,20,eleifend@nislarcuiaculis.edu,Tempor Augue Ac Incorporated,39
Nicholas,Charles,21,placerat.velit@Suspendissecommodotincidunt.com,Ipsum Inc.,41
Reese,Zephania,22,euismod@Cumsociisnatoque.org,Inceptos Hymenaeos Mauris LLP,43
Emery,Caryn,23,varius.ultrices.mauris@etnetuset.edu,Elit A Associates,45
Sarah,Brenden,24,urna@pellentesquemassa.co.uk,Luctus Incorporated,47
Ian,Christopher,25,vulputate@utodio.net,Neque In Institute,49
Carissa,Donna,26,Ut@fermentumvelmauris.ca,Ipsum Phasellus Vitae Foundation,51
Haley,Ali,27,enim@velfaucibusid.net,Rutrum Lorem Corp.,53
Michelle,Lester,28,Etiam.vestibulum.massa@metus.com,Quis Institute,55
Lavinia,Derek,29,ipsum.non@dolor.edu,Sed Incorporated,57
Jael,Dante,30,lacus.pede@mi.com,Semper Erat In Associates,59
Xyla,Lydia,31,vel@estvitae.org,At Fringilla Foundation,61
Sean,Beverly,32,nostra.per@tristique.co.uk,Mauris Ut Mi Ltd,63
Cullen,Mira,33,consequat.dolor.vitae@etmagnis.org,Lobortis LLP,65
Tasha,Octavia,34,interdum.libero@egestas.edu,Orci In Consequat Foundation,67
Frances,Ignatius,35,gravida.sit@neque.edu,Eu Odio Tristique Inc.,69
Sandra,Joan,36,nibh.sit@Nuncsollicitudincommodo.com,Purus Corp.,71
Akeem,Madaline,37,est@urnaNuncquis.com,Vestibulum Ante Ipsum Industries,73
Graiden,Tashya,38,adipiscing.non.luctus@sodalesat.net,Luctus Limited,75
Wylie,Whoopi,39,enim.Etiam@euenim.co.uk,Lobortis Corp.,77
Gray,Alma,40,Phasellus.elit@enim.ca,Egestas Rhoncus Proin LLC,79
Craig,Sheila,41,penatibus@purussapien.net,Ridiculus Mus Donec Limited,81
Gabriel,Yardley,42,neque@Nuncsollicitudin.net,Commodo Auctor Velit Company,83
Vladimir,Sylvester,43,varius@nisisemsemper.net,In Mi Pede Corporation,85
Rama,Alec,44,augue@aliquameu.co.uk,Consectetuer LLP,87
Alan,Phoebe,45,sapien@purusmauris.ca,Adipiscing Corp.,89
Sean,Rogan,46,vel.quam@semutdolor.co.uk,Proin Nisl Sem Limited,91
Thomas,Guinevere,47,Aliquam.ornare.libero@acurna.ca,Fringilla Est Mauris LLC,93
Natalie,Rashad,48,at@feliseget.net,Sit Amet Consectetuer PC,95
Serina,Jenna,49,Integer.urna@felisullamcorperviverra.co.uk,Aliquet Incorporated,97
Aimee,Orli,50,ac@necmetusfacilisis.org,Porta Limited,99
Nero,Buffy,51,interdum@vehiculaaliquetlibero.co.uk,Urna Industries,101
Isabella,Adena,52,lectus@risusDonecnibh.edu,Eu Corp.,103
Conan,Holmes,53,enim.commodo@laoreetposuereenim.ca,Tristique Aliquet Phasellus Foundation,105
Jena,Reagan,54,adipiscing@volutpatNullafacilisis.edu,Diam Proin Dolor Incorporated,107
Ocean,Aristotle,55,dui@Praesenteu.org,Eu Consulting,109
Ria,Jin,56,Quisque.fringilla.euismod@elit.co.uk,Auctor Velit Aliquam Institute,111
Miranda,Abraham,57,Mauris.eu@eueros.edu,Tempus Scelerisque Lorem LLP,113
Grady,Hyacinth,58,sollicitudin@blandit.net,Quisque Fringilla Euismod Limited,115
Kaseem,Tanisha,59,semper@sem.edu,Cursus Associates,117
Cassady,Blaze,60,felis@enimgravida.ca,Nunc Consulting,119
Zephania,Dorian,61,ac.urna@gravidanunc.co.uk,Adipiscing Enim LLP,121
Emery,Rose,62,Nulla.facilisis@elitpede.edu,Semper Ltd,123
Remedios,Jaden,63,arcu.Curabitur@etmagnisdis.org,Congue Turpis Inc.,125
Macy,Carol,64,a.neque.Nullam@sitamet.ca,Suspendisse Dui Fusce Associates,127
Chandler,Abraham,65,ornare.elit@Sednecmetus.org,Enim Consulting,129
Wylie,Ulric,66,interdum.Nunc.sollicitudin@risus.ca,Scelerisque Neque Sed Associates,131
Conan,Lavinia,67,dolor.dolor.tempus@Donec.net,Egestas A Associates,133
Stephanie,Harper,68,mauris.ut@ante.edu,Ante Bibendum Corporation,135
Felix,Darius,69,laoreet.libero.et@pharetranibhAliquam.net,Auctor PC,137
Ariana,Louis,70,nisi.a@orcilacusvestibulum.edu,Massa LLC,139
Mallory,Ursula,71,aliquam.adipiscing@malesuada.org,Dolor Nonummy Corp.,141
Shelley,Prescott,72,Ut.nec.urna@amet.ca,Erat Volutpat LLC,143
Jared,Sarah,73,ac.sem@justoeuarcu.co.uk,Quisque Tincidunt Pede Incorporated,145
Dylan,Ronan,74,ultrices.a.auctor@maurisInteger.ca,Integer Eu Lacus Consulting,147
Tanek,Zia,75,facilisis@velit.ca,Gravida Sit Amet LLC,149
Christopher,Oscar,76,eu.lacus.Quisque@ac.ca,Ultricies Dignissim Consulting,151
Elijah,Elizabeth,77,Curabitur.consequat@non.co.uk,Hendrerit Ltd,153
Bertha,Miranda,78,vulputate.risus@utpharetra.ca,Orci Lacus Vestibulum Limited,155
Ignacia,Keane,79,velit.Pellentesque@ametornarelectus.ca,Fringilla Cursus Purus Industries,157
Tyrone,Casey,80,et.magnis.dis@aliquamarcuAliquam.org,Quisque Industries,159
Jermaine,Erich,81,Nullam@amet.edu,Urna Vivamus Corp.,161
Cheyenne,Maisie,82,felis.adipiscing@venenatisa.ca,Taciti Sociosqu Ad Limited,163
MacKensie,Zenaida,83,elit.pellentesque@malesuadavelconvallis.com,Semper Tellus Ltd,165
Phoebe,Davis,84,nec.diam@VivamusnisiMauris.com,Erat In Corporation,167
Orson,Alexander,85,dictum@Aliquamrutrum.com,Neque Consulting,169
Nora,Owen,86,ornare.facilisis@euplacerat.ca,Elit Nulla Corp.,171
Maryam,Catherine,87,eu@sitamet.co.uk,Phasellus Inc.,173
Dillon,Blake,88,adipiscing@lacusUtnec.edu,Elit Pede Malesuada PC,175
Iliana,Jack,89,In.ornare@felis.net,Rutrum Magna Limited,177
Kirestin,Allistair,90,nec.eleifend.non@maurisblanditmattis.co.uk,A Aliquet Vel Corp.,179
Jelani,Malcolm,91,tempus@vestibulumnequesed.ca,Ante Corporation,181
Shellie,Teagan,92,orci.Ut.semper@egestasblanditNam.com,Cubilia Foundation,183
Rashad,Ross,93,velit.Cras.lorem@tellusSuspendissesed.edu,Vestibulum Mauris Magna Limited,185
Lareina,Unity,94,egestas.Duis@auguescelerisque.com,Ornare Fusce Mollis Incorporated,187
Daryl,Renee,95,ligula@sollicitudina.org,Ligula LLC,189
Donovan,Shana,96,Nunc.ut@consectetuer.org,Ac Ipsum Industries,191
Sigourney,Pandora,97,tristique@semperpretiumneque.org,Sem Semper Erat Inc.,193
Ora,Maggie,98,Curabitur.consequat.lectus@Morbi.com,Et Pede Nunc Limited,195
Cyrus,Alyssa,99,a.feugiat@necenim.co.uk,Elit Limited,197
Caryn,Christen,100,Sed.dictum.Proin@Fuscealiquet.org,Elit Pharetra Associates,199